EducationTitle,Description,Duration,SkillsAcquired,Level
Spanish Language Essentials,"Immerse yourself in the basics of Spanish language and culture, covering vocabulary, grammar, and everyday expressions.",6 weeks,Spanish Vocabulary;Grammar;Conversational Skills,Beginner
Photography Fundamentals,"Learn the art of photography, including camera settings, composition techniques, and photo editing.",8 weeks,Camera Settings;Composition;Photo Editing,Intermediate
Healthy Cooking for Beginners,"Discover the fundamentals of healthy cooking, from meal planning to nutritious recipes and cooking techniques.",10 weeks,Meal Planning;Nutrition Basics;Cooking Skills,Beginner
Introduction to Astronomy,"Explore the wonders of the universe, covering celestial bodies, constellations, and basic observational skills.",12 weeks,Astronomy Basics;Stargazing Techniques;Celestial Navigation,Beginner
Introduction to Sustainable Living,"Gain insights into sustainable practices, including eco-friendly living, waste reduction, and renewable energy sources.",8 weeks,Sustainable Living Practices;Environmental Awareness;Green Energy,Beginner
Graphic Design Essentials with Adobe Creative Cloud,"Master the basics of graphic design using Adobe Creative Cloud tools, including Photoshop and Illustrator.",10 weeks,Graphic Design Principles;Adobe Creative Cloud;Design Software,Intermediate
Mindfulness Meditation for Stress Relief,"Learn mindfulness meditation techniques to reduce stress, enhance focus, and promote overall well-being.",6 weeks,Mindfulness Meditation Techniques;Stress Management;Relaxation Skills,Beginner
DIY Home Gardening,"Discover the joys of home gardening, covering plant care, garden design, and cultivating your own vegetables and herbs.",12 weeks,Plant Care Techniques;Garden Design;Home Vegetable Cultivation,Intermediate
Financial Literacy for Young Adults,"Build essential financial skills, including budgeting, investing, and understanding credit.",8 weeks,Personal Budgeting;Investment Basics;Credit Management,Intermediate
Introduction to Programming with Scratch,"Dive into the world of programming using Scratch, a visual programming language for beginners.",6 weeks,Programming Logic;Scratch Coding;Algorithmic Thinking,Beginner
Creative Writing Workshop,"Hone your creative writing skills, exploring various genres and techniques to express your ideas effectively.",10 weeks,Creative Writing Techniques;Storytelling;Genre Exploration,Intermediate
Fitness and Strength Training,"Develop a personalized fitness and strength training routine, covering exercises, nutrition, and goal-setting strategies.",14 weeks,Strength Training Techniques;Personalized Fitness Planning;Nutrition for Fitness,Intermediate
Introduction to Python Programming,"Learn the basics of Python programming, including variables, loops, and functions.",4 weeks,Python Programming Fundamentals,Beginner
Data Science Fundamentals,"Explore the foundations of data science, covering topics such as data analysis, statistics, and data visualization.",8 weeks,Data Analysis;Statistics;Data Visualization,Intermediate
Web Development Bootcamp,"Build dynamic websites and web applications using HTML, CSS, and JavaScript.",12 weeks,HTML;CSS;JavaScript;Web Development,Intermediate
Machine Learning for Beginners,"Get started with machine learning concepts and algorithms, and apply them to real-world problems.",10 weeks,Machine Learning Basics;Data Preprocessing;Model Evaluation,Beginner
Digital Marketing Essentials,"Master the fundamentals of digital marketing, including social media, SEO, and email campaigns.",6 weeks,Digital Marketing Strategy;Social Media Marketing;SEO,Intermediate
Mobile App Development with React Native,"Create cross-platform mobile apps using React Native and explore mobile development best practices.",14 weeks,React Native;Mobile App Development;UI/UX Design,Intermediate
Blockchain Basics,"Understand the principles of blockchain technology, cryptocurrency, and smart contracts.",8 weeks,Blockchain Fundamentals;Cryptocurrency;Smart Contracts,Beginner
Artificial Intelligence Ethics,"Explore the ethical considerations surrounding artificial intelligence and machine learning.",6 weeks,AI Ethics;Responsible AI;Bias Detection,Intermediate
Cybersecurity Fundamentals,"Learn essential cybersecurity concepts, including encryption, network security, and ethical hacking.",10 weeks,Network Security;Cryptographic Techniques;Ethical Hacking,Intermediate
Advanced Data Analysis with Python,"Deepen your Python data analysis skills, covering advanced libraries and techniques.",8 weeks,Advanced Python Libraries;Data Wrangling;Time Series Analysis,Advanced
Introduction to Cloud Computing,"Learn the basics of cloud computing, including cloud deployment models, cloud services, and cloud security.",6 weeks,Cloud Computing Basics;Cloud Deployment Models;Cloud Security,Intermediate
Introduction to UX Design,"Explore the principles of user experience (UX) design, including user research, prototyping, and usability testing.",8 weeks,UX Design Principles;User Research;Prototyping,Intermediate
Introduction to Data Visualization,"Learn the fundamentals of data visualization, including data storytelling, data visualization tools, and dashboard design.",6 weeks,Data Visualization Basics;Data Storytelling;Dashboard Design,Intermediate
Introduction to Data Science,"Learn the basics of data science, including data analysis, statistics, and machine learning.",6 weeks,Data Analysis;Statistics;Machine Learning,Beginner
Introduction to Web Development,"Learn the foundations of web development, including HTML, CSS, and JavaScript.",6 weeks,HTML;CSS;JavaScript;Web Development,Beginner
Introduction to Artificial Intelligence,"Explore the principles of artificial intelligence, including machine learning, deep learning, and neural networks.",8 weeks,Machine Learning;Deep Learning;Neural Networks,Beginner
Introduction to Cybersecurity,"Learn the fundamentals of cybersecurity, including cryptography, network security, and ethical hacking.",6 weeks,Cryptography;Network Security;Ethical Hacking,Beginner
Introduction to Digital Marketing,"Learn the basics of digital marketing, including social media marketing, SEO, and email campaigns.",6 weeks,Digital Marketing Strategy;Social Media Marketing;SEO,Beginner
Introduction to Mobile App Development,"Learn the foundations of mobile app development, including React Native, UI/UX design, and mobile app testing.",8 weeks,React Native;Mobile App Development;UI/UX Design,Beginner
Introduction to Blockchain,"Learn the fundamentals of blockchain technology, including cryptocurrency, smart contracts, and blockchain security.",6 weeks,Blockchain Fundamentals;Cryptocurrency;Smart Contracts,Beginner
Introduction to Data Analytics,"Learn the basics of data analytics, including data analysis, data visualization, and data storytelling.",6 weeks,Data Analysis;Data Visualization;Data Storytelling,Beginner
Introduction to Programming,"Learn the foundations of programming, including variables, loops, and functions.",6 weeks,Programming Fundamentals,Beginner
Introduction to Cloud Computing,"Learn the basics of cloud computing, including cloud deployment models, cloud services, and cloud security.",6 weeks,Cloud Computing Basics;Cloud Deployment Models;Cloud Security,Beginner
Introduction to UX Design,"Explore the principles of user experience (UX) design, including user research, prototyping, and usability testing.",8 weeks,UX Design Principles;User Research;Prototyping,Beginner
Introduction to Data Visualization,"Learn the fundamentals of data visualization, including data storytelling, data visualization tools, and dashboard design.",6 weeks,Data Visualization Basics;Data Storytelling;Dashboard Design,Beginner
Introduction to Data Science,"Learn the basics of data science, including data analysis, statistics, and machine learning.",6 weeks,Data Analysis;Statistics;Machine Learning,Beginner
Introduction to Psychology,"Explore the fundamental principles of psychology, including human behavior, cognitive processes, and psychological theories.",8 weeks,Psychological Theories;Behavioral Analysis;Cognitive Psychology,Intermediate
DIY Home Repairs and Maintenance,"Learn essential skills for DIY home repairs, from fixing plumbing issues to basic electrical work.",10 weeks,Home Repair Techniques;Plumbing Basics;Electrical Maintenance,Beginner
Digital Illustration with Procreate,"Master the art of digital illustration using Procreate, covering drawing techniques, layers, and digital art creation.",12 weeks,Digital Illustration Techniques;Procreate Software;Artistic Design,Intermediate
Introduction to Robotics,"Delve into the world of robotics, covering basic concepts, programming robots, and understanding robotic systems.",14 weeks,Robotics Fundamentals;Programming Robots;Robotics System Design,Intermediate
Learn to Play the Guitar,"Begin your musical journey by learning to play the guitar, covering chords, strumming patterns, and basic music theory.",10 weeks,Guitar Chords;Strumming Techniques;Music Theory,Beginner
Introduction to Cryptocurrency,"Understand the basics of cryptocurrency and blockchain technology, covering key concepts and investment strategies.",8 weeks,Cryptocurrency Fundamentals;Blockchain Technology;Crypto Investment Basics,Beginner
Effective Time Management,"Enhance your productivity and time management skills, covering goal setting, prioritization, and overcoming procrastination.",6 weeks,Time Management Strategies;Goal Setting;Productivity Techniques,Beginner
Introduction to Wildlife Photography,"Capture the beauty of wildlife through photography, covering wildlife behavior, ethical wildlife photography, and post-processing.",12 weeks,Wildlife Photography Techniques;Animal Behavior Observation;Post-processing Skills,Intermediate
Learn to Dance: Salsa,"Immerse yourself in the world of salsa dancing, covering basic steps, partnerwork, and styling techniques.",8 weeks,Salsa Dance Basics;Partnerwork Techniques;Dance Styling,Beginner
Introduction to Cybersecurity,"Explore the fundamentals of cybersecurity, covering network security, cryptography, and ethical hacking techniques.",10 weeks,Network Security Basics;Cryptography;Ethical Hacking Fundamentals,Intermediate
Home Yoga Practice for Beginners,"Begin your yoga journey with a focus on home practice, covering basic poses, meditation, and breathing exercises.",6 weeks,Yoga Poses for Beginners;Meditation Techniques;Breathing Exercises,Beginner
Introduction to Astrophotography,"Capture stunning images of the night sky with astrophotography, covering equipment, settings, and post-processing.",14 weeks,Astrophotography Equipment;Shooting Techniques;Post-processing for Astrophotography,Intermediate
Basics of Interior Design,"Discover the principles of interior design, covering color theory, spatial arrangements, and design styles.",10 weeks,Interior Design Principles;Color Theory;Space Planning,Intermediate
Introduction to Organic Chemistry,"Explore the fundamentals of organic chemistry, covering molecular structures, reactions, and organic compounds.",12 weeks,Organic Chemistry Basics;Molecular Structures;Chemical Reactions,Intermediate
Mobile App Design with Sketch,"Design intuitive mobile apps using Sketch, covering UI/UX principles, prototyping, and app design best practices.",8 weeks,Mobile UI/UX Design;Prototyping with Sketch;App Design Principles,Intermediate
Digital Marketing Analytics,"Master the use of analytics in digital marketing, covering tools like Google Analytics and data-driven decision-making.",6 weeks,Digital Marketing Analytics;Google Analytics;Data-Driven Decision Making,Intermediate
Introduction to 3D Printing,"Explore the world of 3D printing, covering the basics of 3D modeling, printer operation, and material choices.",14 weeks,3D Printing Basics;3D Modeling;Printer Operation,Intermediate
Healthy Sleep Habits,"Learn about the importance of sleep and develop healthy sleep habits for improved well-being.",6 weeks,Sleep Hygiene;Importance of Sleep;Healthy Sleep Habits,Beginner
Basics of Cognitive Neuroscience,"Dive into cognitive neuroscience, covering brain functions, cognitive processes, and the neural basis of behavior.",10 weeks,Cognitive Neuroscience Basics;Brain Functions;Neural Basis of Behavior,Intermediate
Introduction to User Experience (UX) Design,"Explore the principles of UX design, covering user research, wireframing, and usability testing.",8 weeks,UX Design Principles;User Research;Wireframing,Intermediate
Introduction to Cryptography,"Understand the fundamentals of cryptography, covering encryption, decryption, and cryptographic protocols.",12 weeks,Cryptography Fundamentals;Encryption Techniques;Cryptographic Protocols,Intermediate
Learn to Play Chess,"Master the game of chess, covering rules, strategies, and advanced tactics for competitive play.",10 weeks,Chess Rules;Strategy Formulation;Advanced Chess Tactics,Intermediate
Introduction to Cognitive Behavioral Therapy (CBT),"Learn the basics of CBT, covering cognitive restructuring, behavior analysis, and therapeutic techniques.",8 weeks,CBT Fundamentals;Cognitive Restructuring;Behavior Analysis,Intermediate
Introduction to Sustainable Fashion,"Explore the principles of sustainable fashion, covering eco-friendly materials, ethical production, and slow fashion.",12 weeks,Sustainable Fashion Principles;Eco-Friendly Materials;Slow Fashion Practices,Intermediate
Digital Storytelling with Adobe Premiere Pro,"Master digital storytelling using Adobe Premiere Pro, covering video editing, storytelling techniques, and cinematic effects.",14 weeks,Digital Storytelling;Video Editing with Premiere Pro;Cinematic Effects,Intermediate
Introduction to Artificial Intelligence for Beginners,"Get started with AI, covering basic concepts, machine learning, and applications of artificial intelligence.",8 weeks,Artificial Intelligence Basics;Machine Learning Applications,Beginner
Introduction to American Sign Language (ASL),"Learn the basics of ASL, covering sign vocabulary, grammar, and basic conversational skills.",10 weeks,ASL Vocabulary;Sign Language Grammar;Conversational ASL,Beginner
DIY Home Energy Efficiency,"Make your home more energy-efficient, covering insulation, energy-saving appliances, and sustainable practices.",6 weeks,Energy-Efficient Home Practices;Insulation Techniques;Sustainable Energy,Intermediate
Introduction to Cryptocurrencies and Trading,"Explore the world of cryptocurrencies and trading, covering blockchain, trading strategies, and market analysis.",12 weeks,Cryptocurrency Trading Strategies;Blockchain Technology;Market Analysis,Intermediate
Introduction to Mind Mapping,"Master the art of mind mapping for enhanced creativity, problem-solving, and information organization.",8 weeks,Mind Mapping Techniques;Creative Problem Solving;Information Organization,Intermediate
Introduction to Meditation and Mindfulness,"Develop a meditation and mindfulness practice for stress reduction and mental well-being.",6 weeks,Meditation Techniques;Mindfulness Practices;Stress Reduction,Beginner
Introduction to Quantum Physics,"Explore the principles of quantum physics, covering quantum mechanics, wave-particle duality, and quantum entanglement.",14 weeks,Quantum Physics Basics;Quantum Mechanics;Wave-Particle Duality,Intermediate
Introduction to Indoor Gardening,"Learn the basics of indoor gardening, covering plant care, container gardening, and growing herbs indoors.",10 weeks,Indoor Plant Care;Container Gardening;Herb Cultivation,Intermediate
Introduction to Mobile Game Development with Unity,"Develop mobile games using Unity, covering game design, programming, and mobile game optimization.",12 weeks,Mobile Game Design;Unity Game Development;Game Optimization,Intermediate
Introduction to Meditation for Sleep,"Explore meditation techniques specifically designed to promote relaxation and improve sleep quality.",6 weeks,Meditation for Sleep;Relaxation Techniques;Sleep Improvement,Beginner
Introduction to Quantum Computing,"Understand the fundamentals of quantum computing, covering qubits, quantum gates, and quantum algorithms.",14 weeks,Quantum Computing Basics;Qubits;Quantum Gates,Intermediate
Introduction to Renewable Energy,"Explore renewable energy sources, covering solar power, wind energy, and sustainable energy practices.",10 weeks,Renewable Energy Basics;Solar Power Systems;Wind Energy,Intermediate
Introduction to Japanese Cuisine,"Learn the art of Japanese cooking, covering sushi preparation, ramen making, and traditional Japanese dishes.",8 weeks,Japanese Cuisine Basics;Sushi Making;Ramen Preparation,Intermediate
Introduction to Personality Psychology,"Explore the field of personality psychology, covering personality theories, assessments, and traits.",12 weeks,Personality Psychology Theories;Personality Assessments;Personality Traits,Intermediate
Introduction to Data Visualization with Tableau,"Master data visualization using Tableau, covering data analysis, dashboard creation, and interactive visualizations.",10 weeks,Data Visualization Techniques;Tableau Software;Interactive Dashboards,Intermediate
Introduction to Dog Training,"Learn effective dog training techniques, covering obedience training, behavior modification, and positive reinforcement.",8 weeks,Dog Obedience Training;Behavior Modification;Positive Reinforcement,Intermediate
Introduction to Environmental Science,"Explore environmental science, covering ecosystems, climate change, and conservation strategies.",12 weeks,Environmental Science Fundamentals;Ecosystem Analysis;Conservation Practices,Intermediate
Introduction to Astrophysics,"Dive into the world of astrophysics, covering celestial mechanics, cosmology, and astrophysical phenomena.",14 weeks,Astrophysics Fundamentals;Celestial Mechanics;Cosmology,Intermediate
Introduction to Mobile Photography,"Master mobile photography, covering composition techniques, photo editing apps, and mobile photography tips.",6 weeks,Mobile Photography Techniques;Photo Editing Apps;Composition Principles,Beginner
Introduction to Classical Music Appreciation,"Explore classical music, covering major composers, musical eras, and appreciation techniques.",10 weeks,Classical Music History;Composers' Works;Music Appreciation,Intermediate
Introduction to iOS App Development with Swift,"Learn iOS app development using Swift, covering app design, programming, and app deployment.",12 weeks,iOS App Design;Swift Programming;App Deployment,Intermediate
Introduction to Yoga for Flexibility,"Focus on yoga poses and sequences to improve flexibility and overall body mobility.",8 weeks,Yoga Poses for Flexibility;Stretching Techniques;Body Mobility,Beginner
Introduction to Cybersecurity for Small Businesses,"Learn essential cybersecurity practices for small businesses, covering data protection, network security, and employee training.",6 weeks,Cybersecurity for Small Businesses;Data Protection;Network Security,Beginner
Introduction to Floral Arrangement,"Explore the art of floral arrangement, covering flower selection, design principles, and floral styling techniques.",10 weeks,Flower Selection;Floral Design Principles;Floral Styling Techniques,Intermediate
Japanese Language for Beginners,"Start your journey into Japanese language and culture, covering basic expressions, hiragana, and everyday conversation.",8 weeks,Japanese Language Basics;Hiragana;Everyday Conversation,Beginner
Creative Digital Marketing Strategies,"Explore innovative digital marketing strategies, covering content creation, social media tactics, and data-driven marketing.",12 weeks,Content Creation;Social Media Marketing;Data-Driven Marketing,Intermediate
Introduction to Interior Design,"Learn the basics of interior design, including space planning, color theory, and creating mood boards.",10 weeks,Space Planning;Color Theory;Interior Design Basics,Beginner
Introduction to Quantum Computing,"Dive into the fundamentals of quantum computing, covering qubits, quantum gates, and quantum algorithms.",14 weeks,Quantum Computing Fundamentals;Quantum Gates;Quantum Algorithms,Intermediate
Artificial Intelligence in Business,"Understand the applications of AI in business, covering predictive analytics, natural language processing, and machine learning in business contexts.",8 weeks, Predictive Analytics;Natural Language Processing;Machine Learning in Business,Intermediate
Creative Smartphone Photography,"Unlock the creative potential of your smartphone camera, covering composition, editing apps, and mobile photography techniques.",6 weeks,Smartphone Photography Techniques;Mobile Editing Apps;Composition for Mobile Photography,Beginner
Introduction to Sustainable Fashion,"Explore sustainable practices in the fashion industry, covering ethical fashion, eco-friendly materials, and conscious consumerism.",10 weeks,Ethical Fashion Practices;Eco-Friendly Materials;Conscious Consumerism,Beginner
Financial Planning for Retirement,"Develop comprehensive financial plans for retirement, covering investment strategies, retirement accounts, and post-retirement income.",12 weeks,Retirement Investment Strategies;Retirement Accounts;Post-Retirement Income Planning,Intermediate
Learn to Play Chess,"Master the game of chess, covering chess rules, strategies, and tactical maneuvers.",8 weeks,Chess Rules;Chess Strategies;Tactical Maneuvers,Beginner
Introduction to 3D Printing,"Discover the world of 3D printing, covering 3D modeling, printer operation, and practical applications.",14 weeks,3D Modeling;Printer Operation;Practical Applications of 3D Printing,Intermediate
Effective Communication in the Workplace,"Enhance your workplace communication skills, covering effective collaboration, conflict resolution, and professional etiquette.",6 weeks,Workplace Collaboration Skills;Conflict Resolution;Professional Etiquette,Beginner
Introduction to Renewable Energy,"Learn about renewable energy sources, covering solar power, wind energy, and sustainable energy solutions.",10 weeks,Solar Power Basics;Wind Energy;Sustainable Energy Solutions;Beginner
Basic Carpentry Skills,"Acquire fundamental carpentry skills, covering woodworking techniques, tool usage, and basic carpentry projects.",8 weeks,Woodworking Techniques;Tool Usage;Basic Carpentry Projects,Beginner
Introduction to Graphic Novels,"Explore the art of graphic novels, covering storytelling, character design, and the creative process of graphic novel creation.",12 weeks,Graphic Novel Storytelling;Character Design;Creative Process in Graphic Novel Creation,Intermediate
Introduction to Game Development with Unity,"Dive into game development using Unity, covering game design principles, Unity basics, and building simple games.",14 weeks,Game Design Principles;Unity Basics;Building Simple Games,Intermediate
Healthy Skin Care Habits,"Establish healthy skincare routines, covering skincare basics, product selection, and skin wellness practices.",6 weeks,Skincare Basics;Product Selection;Skin Wellness Practices,Beginner
Introduction to Sustainable Architecture,"Learn about sustainable architecture, covering eco-friendly building materials, green design principles, and energy-efficient practices.",10 weeks,Eco-Friendly Building Materials;Green Design Principles;Energy-Efficient Practices,Beginner
Introduction to Astronomy for Kids,"Introduce kids to the wonders of astronomy, covering space exploration, basic celestial observations, and the solar system.",8 weeks,Space Exploration Basics;Basic Celestial Observations;Solar System Knowledge,Beginner
Introduction to Cryptography,"Understand the principles of cryptography, covering encryption techniques, cryptographic protocols, and applications of cryptography.",12 weeks,Encryption Techniques;Cryptographic Protocols;Applications of Cryptography,Intermediate
Digital Storytelling for Social Impact,"Explore digital storytelling for social change, covering multimedia storytelling, advocacy strategies, and digital content creation.",10 weeks,Multimedia Storytelling;Advocacy Strategies;Digital Content Creation for Social Impact,Intermediate
Introduction to Mindful Parenting,"Embrace mindful parenting practices, covering stress reduction, positive communication, and fostering emotional intelligence in children.",6 weeks,Stress Reduction for Parents;Positive Communication with Children;Fostering Emotional Intelligence in Children,Beginner
Introduction to Bioinformatics,"Dive into the world of bioinformatics, covering DNA sequencing, computational biology, and bioinformatics tools.",14 weeks,DNA Sequencing;Computational Biology;Bioinformatics Tools,Intermediate
Learn to Play the Piano,"Begin your musical journey with piano playing, covering piano basics, music theory, and playing simple melodies.",8 weeks,Piano Basics;Music Theory;Playing Simple Melodies,Beginner
Introduction to Quantum Physics,"Explore the fundamental concepts of quantum physics, covering quantum mechanics, wave-particle duality, and quantum entanglement.",12 weeks,Quantum Mechanics;Wave-Particle Duality;Quantum Entanglement,Intermediate
Introduction to Herbal Medicine,"Discover the world of herbal medicine, covering medicinal plants, herbal remedies, and herbal medicine preparation.",10 weeks,Medicinal Plants;Herbal Remedies;Herbal Medicine Preparation,Beginner
Introduction to Augmented Reality Development,"Learn the basics of augmented reality development, covering AR concepts, AR frameworks, and building simple AR applications.",14 weeks,AR Concepts;AR Frameworks;Building Simple AR Applications,Intermediate
Introduction to Meditation and Mindfulness,"Establish a meditation and mindfulness practice, covering meditation techniques, mindfulness exercises, and stress reduction.",6 weeks,Meditation Techniques;Mindfulness Exercises;Stress Reduction Practices,Beginner
Introduction to UX/UI Design,"Explore user experience (UX) and user interface (UI) design principles, covering design thinking, wireframing, and prototyping.",12 weeks,Design Thinking;Wireframing;Prototyping,Intermediate
Introduction to Geocaching,"Embark on a geocaching adventure, covering geocaching basics, GPS navigation, and treasure hunting.",10 weeks,Geocaching Basics;GPS Navigation;Treasure Hunting Strategies,Beginner
Introduction to Robotics for Kids,"Introduce kids to the world of robotics, covering basic robotics concepts, programming robots, and hands-on robot building.",8 weeks,Basic Robotics Concepts;Programming Robots;Hands-On Robot Building,Beginner
Introduction to Sustainable Agriculture,"Learn about sustainable agriculture practices, covering organic farming, permaculture, and agroecology.",14 weeks,Organic Farming;Permaculture;Agroecology,Beginner
Introduction to Digital Painting,"Explore the art of digital painting, covering digital brushes, color theory, and creating digital artworks.",10 weeks,Digital Brushes;Color Theory;Digital Art Creation,Intermediate
Introduction to Human Rights,"Understand the principles of human rights, covering international law, advocacy strategies, and human rights protection.",12 weeks,International Law;Advocacy Strategies;Human Rights Protection,Intermediate
Learn to Dance: Hip Hop,"Master the fundamentals of hip hop dance, covering basic moves, choreography, and expressing creativity through dance.",8 weeks,Hip Hop Dance Basics;Choreography;Creative Expression through Dance,Beginner
Introduction to Ballroom Dancing,"Discover the elegance of ballroom dancing, covering basic steps, ballroom etiquette, and partner dance techniques.",10 weeks,Ballroom Dance Basics;Partner Dance Etiquette;Dance Techniques,Beginner
Introduction to Quantum Chemistry,"Dive into the principles of quantum chemistry, covering quantum states, molecular orbitals, and chemical bonding.",12 weeks,Quantum Chemistry Principles;Molecular Orbitals;Chemical Bonding,Intermediate
DIY Home Decor with Upcycling,"Transform your living space with upcycled DIY home decor, covering crafting techniques, repurposing materials, and creative home design.",8 weeks,Upcycled DIY Crafting;Repurposing Materials;Creative Home Design,Beginner
Introduction to Culinary Arts,"Embark on a culinary journey, covering cooking techniques, flavor pairing, and the art of plating.",14 weeks,Culinary Techniques;Flavor Pairing;Art of Plating,Intermediate
Learn to Play the Ukulele,"Begin your musical adventure with the ukulele, covering basic chords, strumming patterns, and playing simple melodies.",6 weeks,Ukulele Chords;Strumming Patterns;Playing Simple Melodies,Beginner
Introduction to Social Psychology,"Explore the dynamics of social behavior, covering social influence, group dynamics, and interpersonal relationships.",10 weeks,Social Influence;Group Dynamics;Interpersonal Relationships,Intermediate
Introduction to Mobile Game Development,"Learn the basics of mobile game development, covering game design principles, Unity basics, and building simple mobile games.",12 weeks,Mobile Game Design Principles;Unity Basics;Building Simple Mobile Games,Intermediate
DIY Natural Skincare Workshop,"Create your own natural skincare products, covering ingredients, formulations, and DIY skincare product creation.",8 weeks,Natural Skincare Ingredients;Formulations for DIY Skincare Products;DIY Skincare Product Creation,Beginner
Introduction to Data Visualization with D3.js,"Visualize data effectively using D3.js, covering data binding, SVG graphics, and interactive data visualizations.",14 weeks,D3.js Data Binding;SVG Graphics;Interactive Data Visualizations,Intermediate
Introduction to Classical Guitar,"Master the classical guitar, covering fingerstyle techniques, classical repertoire, and music theory for guitarists.",10 weeks,Classical Guitar Fingerstyle;Classical Repertoire;Music Theory for Guitarists,Beginner
Introduction to Environmental Economics,"Understand the economics of environmental issues, covering sustainability, cost-benefit analysis, and environmental policy.",12 weeks,Environmental Sustainability Economics;Cost-Benefit Analysis;Environmental Policy,Intermediate
Introduction to Mobile Photography Editing,"Enhance your mobile photography with editing skills, covering mobile editing apps, color correction, and photo retouching.",6 weeks,Mobile Editing Apps;Color Correction;Photo Retouching Techniques,Beginner
Introduction to Machine Learning Interpretability,"Explore techniques for interpreting machine learning models, covering feature importance, model visualization, and interpretability tools.",8 weeks,Feature Importance in ML;Model Visualization;Interpretability Tools,Intermediate
Introduction to DIY Electronics Projects,"Build your own electronic projects, covering circuit design, soldering, and hands-on electronics construction.",14 weeks,DIY Electronics Circuit Design;Soldering Techniques;Hands-On Electronics Construction,Intermediate
Introduction to Ethical Hacking,"Learn ethical hacking techniques, covering penetration testing, network security, and securing computer systems.",10 weeks,Ethical Hacking Principles;Penetration Testing;Network Security,Intermediate
Introduction to Watercolor Painting Techniques,"Explore advanced watercolor painting techniques, covering wet-on-wet, dry brush, and glazing methods.",12 weeks,Advanced Watercolor Techniques;Wet-on-Wet Painting;Dry Brush Techniques,Intermediate
Introduction to Astrophysics and Cosmology,"Delve deeper into astrophysics, covering dark matter, dark energy, and the evolution of the universe.",8 weeks,Dark Matter Astrophysics;Dark Energy;Universe Evolution,Intermediate
Introduction to Fashion Styling,"Explore the art of fashion styling, covering wardrobe curation, trend analysis, and editorial styling techniques.",6 weeks,Wardrobe Curation;Trend Analysis;Editorial Styling Techniques,Beginner
Introduction to Software Product Management,"Understand the fundamentals of software product management, covering agile methodologies, product roadmaps, and user stories.",14 weeks,Agile Product Management;Product Roadmaps;User Stories,Intermediate
Introduction to DIY Woodworking Projects,"Build practical woodworking projects, covering furniture making, joinery techniques, and finishing.",10 weeks,DIY Furniture Making;Wood Joinery Techniques;Finishing Wood Projects,Beginner
Introduction to Human-Centered Design,"Embrace human-centered design principles, covering user research, prototyping, and usability testing.",12 weeks,Human-Centered Design Principles;User Research;Prototyping;Usability Testing,Intermediate
Introduction to Bioinformatics Analysis,"Explore bioinformatics analysis, covering sequence alignment, genomics, and computational biology.",8 weeks,Bioinformatics Sequence Alignment;Genomics Analysis;Computational Biology,Intermediate
Introduction to Creative Writing Styles,"Hone your creative writing skills with various styles, covering fiction, poetry, and non-fiction writing.",6 weeks,Creative Fiction Writing;Poetry Writing;Non-Fiction Writing,Beginner
Introduction to DIY Solar Energy,"Harness solar energy with DIY solar projects, covering solar panel installation, solar-powered gadgets, and off-grid solutions.",14 weeks,DIY Solar Panel Installation;Solar-Powered Gadgets;Off-Grid Solutions,Beginner
Introduction to Industrial Design,"Explore industrial design concepts, covering product ideation, 3D modeling, and prototyping.",10 weeks,Industrial Design Ideation;3D Modeling;Prototyping,Intermediate
Introduction to Behavioral Psychology,"Dive into the study of behavioral psychology, covering behavior analysis, learning theories, and cognitive behavioral therapy.",12 weeks,Behavior Analysis;Learning Theories;Cognitive Behavioral Therapy,Intermediate
Introduction to DIY Screen Printing,"Create your own screen-printed designs, covering screen preparation, printing techniques, and DIY screen printing projects.",8 weeks,DIY Screen Preparation;Printing Techniques;Screen Printing Projects,Beginner
Introduction to Geographical Information Systems (GIS),"Explore GIS concepts, covering spatial analysis, map design, and geographic data visualization.",6 weeks,Spatial Analysis with GIS;Map Design;Geographic Data Visualization,Beginner
Introduction to Sustainable Energy Policy,"Understand policies shaping sustainable energy, covering government initiatives, renewable energy laws, and global energy policies.",14 weeks,Sustainable Energy Government Initiatives;Renewable Energy Laws;Global Energy Policies,Intermediate
Introduction to DIY Home Automation,"Build your own home automation projects, covering IoT devices, smart home integration, and DIY automation solutions.",10 weeks,DIY IoT Devices;Smart Home Integration;Home Automation Solutions,Beginner
Introduction to Jazz Dance,"Explore the world of jazz dance, covering jazz technique, improvisation, and choreography.",12 weeks,Jazz Dance Technique;Improvisation;Choreography,Intermediate
Introduction to Cognitive Linguistics,"Delve into cognitive linguistics, covering language processing, cognitive semantics, and linguistic relativity.",8 weeks,Language Processing;Cognitive Semantics;Linguistic Relativity,Intermediate
Introduction to DIY Natural Cleaning Products,"Create eco-friendly cleaning products, covering natural ingredients, formulations, and DIY cleaning product recipes.",6 weeks,Natural Cleaning Ingredients;Formulations for DIY Cleaning Products;DIY Cleaning Product Recipes,Beginner
Introduction to Machine Learning for Image Recognition,"Explore machine learning for image recognition, covering convolutional neural networks, image classification, and deep learning.",14 weeks,CNNs for Image Recognition;Image Classification;Deep Learning in Image Recognition,Intermediate
Introduction to DIY Sustainable Gardening,"Grow your own sustainable garden, covering organic gardening, permaculture principles, and eco-friendly garden design.",10 weeks,Organic Gardening Practices;Permaculture;Eco-Friendly Garden Design,Beginner
Introduction to French Cuisine,"Master the art of French cooking, covering classic recipes, culinary techniques, and French culinary traditions.",12 weeks,Classic French Recipes;Culinary Techniques;French Culinary Traditions,Intermediate
Introduction to Machine Learning for Natural Language Processing,"Learn machine learning for NLP, covering text classification, sentiment analysis, and language generation.",8 weeks,Text Classification;Sentiment Analysis;Language Generation in NLP,Intermediate
Introduction to DIY Home Renovation,"Renovate your home with DIY projects, covering home improvement techniques, remodeling, and budget-friendly renovations.",6 weeks,Home Improvement Techniques;Remodeling;Budget-Friendly Renovations,Beginner
Introduction to Social Media Marketing Strategies,"Explore effective social media marketing, covering content planning, influencer collaboration, and social media analytics.",14 weeks,Social Media Content Planning;Influencer Collaboration;Social Media Analytics,Intermediate
Introduction to DIY Natural Beauty Products,"Create your own natural beauty products, covering ingredients, formulations, and DIY beauty product creation.",10 weeks,Natural Beauty Product Ingredients;Formulations for DIY Beauty Products;DIY Beauty Product Creation Techniques,Beginner
Introduction to Microbiology,"Dive into the world of microbiology, covering microbial biology, laboratory techniques, and the role of microorganisms in health and disease.",12 weeks,Microbial Biology;Laboratory Techniques in Microbiology;Role of Microorganisms in Health and Disease,Beginner
Introduction to Human-Computer Interaction,"Explore human-computer interaction principles, covering usability, user interface design, and user experience.",8 weeks,Usability Principles;User Interface Design;User Experience,Intermediate
Introduction to DIY Natural Soap Making,"Craft your own natural soaps, covering soap making techniques, natural ingredients, and DIY soap recipes.",6 weeks,Soap Making Techniques;Natural Soap Ingredients;DIY Soap Recipes,Beginner
Introduction to Sustainable Fashion Design,"Explore sustainable fashion design practices, covering eco-friendly materials, ethical production, and sustainable fashion trends.",14 weeks,Eco-Friendly Materials in Fashion Design;Ethical Production;Sustainable Fashion Trends,Intermediate
Introduction to Renewable Energy Policy,"Understand renewable energy policy and regulations, covering government initiatives, environmental policies, and sustainable energy laws.",10 weeks,Government Initiatives in Renewable Energy;Environmental Policies;Sustainable Energy Laws,Beginner
Introduction to DIY Electronics,"Learn the basics of DIY electronics, covering circuit design, soldering, and building simple electronic projects.",12 weeks,Circuit Design;Soldering;Building Simple Electronic Projects,Intermediate
Introduction to Behavioral Economics,"Explore the principles of behavioral economics, covering decision-making processes, cognitive biases, and economic psychology.",6 weeks,Decision-Making Processes;Cognitive Biases;Economic Psychology in Behavioral Economics,Beginner
Introduction to Storyboarding for Animation,"Master the art of storyboarding for animation, covering visual storytelling, character design, and scene composition.",8 weeks,Visual Storytelling for Animation;Character Design;Scene Composition for Animation,Beginner
Introduction to Urban Sketching,"Develop urban sketching skills, covering sketching techniques, perspective drawing, and capturing urban scenes.",10 weeks,Sketching Techniques;Perspective Drawing;Capturing Urban Scenes,Beginner
Introduction to Renewable Energy Economics,"Understand the economics of renewable energy, covering cost-benefit analysis, market trends, and financing renewable energy projects.",14 weeks,Cost-Benefit Analysis in Renewable Energy;Market Trends in Renewable Energy;Financing Renewable Energy Projects,Intermediate
Introduction to DIY Woodworking,"Learn essential woodworking skills, covering tool usage, joinery techniques, and building simple woodworking projects.",12 weeks,Woodworking Tool Usage;Joinery Techniques;Building Simple Woodworking Projects,Intermediate
Introduction to Artificial Intelligence in Healthcare,"Explore the applications of AI in healthcare, covering medical image analysis, predictive diagnostics, and personalized medicine.",10 weeks,Medical Image Analysis using AI;Predictive Diagnostics with AI;Personalized Medicine using AI,Intermediate
Introduction to DIY Natural Beauty Products,"Create your own natural beauty products, covering ingredients, formulations, and DIY beauty product creation.",6 weeks,Natural Beauty Product Ingredients;Formulations for DIY Beauty Products;DIY Beauty Product Creation Techniques,Beginner
Introduction to Microbiology,"Dive into the world of microbiology, covering microbial biology, laboratory techniques, and the role of microorganisms in health and disease.",8 weeks,Microbial Biology;Laboratory Techniques in Microbiology;Role of Microorganisms in Health and Disease,Beginner
Introduction to Creative Writing Styles,"Hone your creative writing skills with various styles, covering fiction, poetry, and non-fiction writing.",10 weeks,Creative Fiction Writing;Poetry Writing;Non-Fiction Writing,Beginner
Introduction to Contemporary Dance,"Embark on a journey into contemporary dance, covering expressive movement, improvisation, and choreography.",10 weeks,Contemporary Dance Basics;Expressive Movement;Improvisation;Choreography,Intermediate
Introduction to Data Science with Python,"Dive into the world of data science using Python, covering data analysis, visualization, and machine learning basics.",12 weeks,Python for Data Science;Data Analysis Techniques;Data Visualization;Machine Learning Basics,Intermediate
Introduction to Landscape Painting,"Explore the art of landscape painting, covering composition, color theory, and capturing natural scenes.",8 weeks,Landscape Painting Techniques;Composition;Color Theory;Nature Scene Capture,Intermediate
Introduction to Game Design with Unreal Engine,"Learn the basics of game design using Unreal Engine, covering level design, game mechanics, and interactive storytelling.",14 weeks,Unreal Engine Basics;Level Design;Game Mechanics;Interactive Storytelling,Intermediate
Introduction to Culinary Arts,"Master the basics of culinary arts, covering knife skills, cooking techniques, and flavor combinations.",6 weeks,Knife Skills;Cooking Techniques;Flavor Combinations;Culinary Fundamentals,Beginner
Learn to Play the Violin,"Embark on a musical journey by learning to play the violin, covering basic techniques, music theory, and playing melodies.",10 weeks,Violin Basics;Playing Techniques;Music Theory;Melody Performance,Beginner
Introduction to Quantum Computing,"Dive into the principles of quantum computing, covering quantum gates, algorithms, and quantum information.",12 weeks,Quantum Computing Basics;Quantum Gates;Quantum Algorithms;Quantum Information,Intermediate
Introduction to Street Photography,"Capture the essence of the streets with photography, covering candid shots, composition, and storytelling.",8 weeks,Street Photography Techniques;Candid Shots;Composition;Storytelling,Intermediate
Introduction to Financial Planning,"Learn the essentials of financial planning, covering budgeting, investing, and retirement planning.",14 weeks,Personal Budgeting;Investment Strategies;Retirement Planning;Financial Literacy,Beginner
Introduction to 3D Animation with Blender,"Explore 3D animation using Blender, covering modeling, texturing, and animation principles.",10 weeks,Blender Basics;3D Modeling;Texturing;Animation Principles,Intermediate
Introduction to Mind-Body Wellness,"Achieve mind-body wellness through practices like yoga, meditation, and holistic health approaches.",6 weeks,Yoga for Wellness;Meditation Techniques;Holistic Health Practices;Wellness Fundamentals,Beginner
Introduction to Robotics for Kids,"Inspire kids with robotics, covering basic robotics concepts, programming robots, and hands-on activities.",8 weeks,Basic Robotics Concepts;Programming Robots;Hands-On Robotics Activities;Kid-Friendly Robotics,Beginner
Introduction to UX Writing,"Explore the world of UX writing, covering content strategy, microcopy, and creating user-centric interfaces.",10 weeks,UX Writing Fundamentals;Content Strategy;Microcopy;User-Centric Interfaces,Intermediate
Learn to Paint with Watercolors,"Express your creativity with watercolor painting, covering techniques, color mixing, and creating beautiful artworks.",12 weeks,Watercolor Painting Techniques;Color Mixing;Artwork Creation;Artistic Expression with Watercolors,Intermediate
Introduction to Renewable Energy Systems,"Understand renewable energy systems, covering solar power, wind energy, and sustainable energy solutions.",14 weeks,Solar Power Systems;Wind Energy;Sustainable Energy Solutions;Energy Sustainability,Beginner
Introduction to DIY Home Decor,"Transform your living space with DIY home decor, covering crafting techniques, upcycling, and creative home design.",10 weeks,DIY Crafting Techniques;Upcycling;Creative Home Design;Home Decor DIY,Beginner
Introduction to Social Psychology,"Explore the principles of social psychology, covering social behavior, attitudes, and group dynamics.",8 weeks,Social Behavior;Attitudes;Group Dynamics;Social Psychology Basics,Beginner
Introduction to Cryptocurrency Trading,"Gain insights into cryptocurrency trading, covering market analysis, trading strategies, and risk management.",14 weeks,Cryptocurrency Market Analysis;Trading Strategies;Risk Management,Intermediate
Introduction to DIY Electronics,"Learn the basics of DIY electronics, covering circuit design, soldering, and building simple electronic projects.",12 weeks,Circuit Design;Soldering;Building Simple Electronics;Electronics DIY Fundamentals,Beginner
Introduction to Behavioral Economics,"Explore the principles of behavioral economics, covering decision-making processes, cognitive biases, and economic psychology.",6 weeks,Decision-Making Processes;Cognitive Biases;Economic Psychology;Behavioral Economics Basics,Beginner
Introduction to Storyboarding for Animation,"Master the art of storyboarding for animation, covering visual storytelling, character design, and scene composition.",8 weeks,Visual Storytelling for Animation;Character Design;Scene Composition;Animation Storyboarding Basics,Beginner
Introduction to Urban Sketching,"Develop urban sketching skills, covering sketching techniques, perspective drawing, and capturing urban scenes.",10 weeks,Sketching Techniques;Perspective Drawing;Capturing Urban Scenes;Urban Sketching Fundamentals,Beginner
Introduction to Renewable Energy Economics,"Understand the economics of renewable energy, covering cost-benefit analysis, market trends, and financing renewable energy projects.",14 weeks,Cost-Benefit Analysis in Renewable Energy;Market Trends in Renewable Energy;Financing Renewable Energy Projects,Intermediate
Introduction to DIY Woodworking,"Learn essential woodworking skills, covering tool usage, joinery techniques, and building simple woodworking projects.",12 weeks,Woodworking Tool Usage;Joinery Techniques;Building Simple Woodworking Projects;Woodworking DIY Fundamentals,Beginner
Digital Marketing Essentials,"Learn the fundamentals of digital marketing, including SEO, social media marketing, and email marketing strategies.",10 weeks,Digital Marketing Strategies;SEO;Social Media Advertising,Intermediate
French Language Mastery,"Take your French language skills to the next level with advanced vocabulary, complex grammar, and cultural insights.",8 weeks,Advanced French Vocabulary;Complex Grammar Structures;Cultural Awareness,Advanced
Japanese Calligraphy,"Explore the ancient art of Japanese calligraphy, including brushwork techniques and the history of this beautiful art form.",6 weeks,Japanese Calligraphy Brushwork;History of Calligraphy;Artistic Expression,Beginner
Mandarin Chinese for Business,"Develop practical Mandarin Chinese language skills for the business world, including business etiquette and negotiation phrases.",10 weeks,Chinese Business Vocabulary;Business Etiquette;Negotiation Skills,Intermediate
German Literature Appreciation,"Dive into the world of German literature, analyzing classic works and understanding the cultural context behind them.",12 weeks,German Literary Analysis;Cultural Context;Literary Critique,Intermediate
Italian Cooking Masterclass,"Delve into the art of Italian cuisine, from pasta-making to authentic pizza and regional specialties.",8 weeks,Italian Cooking Techniques;Pasta-Making;Regional Italian Cuisine,Intermediate
Russian Language Survival,"Equip yourself with essential Russian phrases and communication skills for travel and basic interactions.",6 weeks,Russian Survival Phrases;Basic Conversation;Travel Communication,Beginner
Arabic Calligraphy and Islamic Art,"Learn the intricate art of Arabic calligraphy and explore its connection to Islamic art and culture.",10 weeks,Arabic Calligraphy Styles;Islamic Art History;Artistic Expression,Intermediate
Spanish for Healthcare Professionals,"Enhance your Spanish language skills tailored to the healthcare field, including medical terminology and patient communication.",12 weeks,Medical Spanish Vocabulary;Patient Communication;Healthcare Terminology,Intermediate
Chinese Martial Arts Fundamentals,"Discover the foundations of Chinese martial arts, including Tai Chi, Kung Fu, and Qi Gong techniques.",8 weeks,Chinese Martial Arts Forms;Meditation and Energy Flow;Self-Defense Skills,Beginner
Portuguese Language Immersion,"Immerse yourself in the Portuguese language and culture, covering conversational skills, grammar, and regional accents.",8 weeks,Portuguese Conversational Skills;Grammar;Regional Accents,Beginner
Korean Pop Culture and Language,"Explore the world of K-pop and Korean dramas while learning the Korean language and understanding cultural references.",10 weeks,Korean Language Basics;K-pop Culture;Cultural References,Beginner
Arabic for Travelers,"Equip yourself with essential Arabic phrases and cultural insights to enhance your travel experience in Arabic-speaking countries.",6 weeks,Travel Arabic Phrases;Cultural Awareness;Travel Communication,Beginner
Business Spanish for Professionals,"Enhance your Spanish language skills tailored to the business world, including corporate communication and negotiation.",12 weeks,Business Spanish Vocabulary;Corporate Communication;Negotiation Skills,Intermediate
Mandarin Chinese Calligraphy,"Explore the art of Chinese calligraphy, including brushwork techniques and the history of this elegant writing style.",8 weeks,Chinese Calligraphy Brushwork;History of Calligraphy;Artistic Expression,Beginner
Russian Literature Appreciation,"Delve into the world of Russian literature, analyzing classic works by Dostoevsky, Tolstoy, and others.",10 weeks,Russian Literary Analysis;Russian Literary Masters;Literary Critique,Intermediate
Japanese Sushi Masterclass,"Master the art of making sushi, from selecting the freshest ingredients to perfecting sushi rolls and nigiri.",8 weeks,Sushi Making Techniques;Ingredient Selection;Sushi Presentation,Intermediate
German Language and Culture,"Learn the German language while exploring the rich cultural traditions, history, and customs of Germany.",12 weeks,German Language Basics;Cultural Traditions;German History,Intermediate
Italian Art History,"Dive into the world of Italian art, from Renaissance masterpieces to modern Italian artists and their impact on the art world.",10 weeks,Italian Art Movements;Renowned Italian Artists;Art Historical Analysis,Intermediate
Mandarin Chinese for Travelers,"Prepare for your trip to China with practical Mandarin Chinese phrases and travel-related language skills.",6 weeks,Travel Mandarin Phrases;Cultural Awareness;Travel Communication,Beginner
French Culinary Delights,"Explore the art of French cuisine, from classic French recipes to the secrets of French cooking techniques.",8 weeks,Classic French Recipes;French Cooking Techniques;French Culinary History,Intermediate
Spanish for Healthcare Providers,"Enhance your Spanish language skills tailored to healthcare providers, including medical terminology and patient communication.",12 weeks,Medical Spanish Vocabulary;Patient Communication;Healthcare Terminology,Intermediate
Chinese Tea Culture and Language,"Discover the world of Chinese tea, its cultural significance, and learn Mandarin Chinese language along the way.",10 weeks,Chinese Tea Culture;Mandarin Language Basics;Tea Tasting,Intermediate
Arabic Literature and Poetry,"Delve into the world of Arabic literature and poetry, studying works by renowned poets and authors.",12 weeks,Arabic Literary Analysis;Arabic Poetry;Literary Critique,Intermediate
Spanish Flamenco Guitar,"Learn to play the captivating rhythms of flamenco guitar while exploring the musical traditions of Spain.",8 weeks,Flamenco Guitar Techniques;Spanish Musical Traditions;Guitar Performance,Intermediate
Chinese Calligraphy and Seal Carving,"Explore the art of Chinese calligraphy and the intricate craft of seal carving in this comprehensive course.",12 weeks,Chinese Calligraphy Styles;Seal Carving Techniques;Artistic Expression,Intermediate
Japanese Ikebana Art,"Master the Japanese art of flower arrangement (ikebana), exploring different styles and principles.",8 weeks,Ikebana Styles;Floral Design Techniques;Cultural Significance,Intermediate
German Beer Culture and Language,"Immerse yourself in the world of German beer culture, learn the German language, and explore the history of brewing.",10 weeks,German Language Basics;Beer Brewing History;Beer Tasting,Intermediate
Brazilian Portuguese Language and Culture,"Learn Brazilian Portuguese and delve into the vibrant culture, including samba, Carnival, and regional traditions.",12 weeks,Brazilian Portuguese Vocabulary;Cultural Insights;Samba Dance Basics,Beginner
Korean Language for K-drama Enthusiasts,"Master the Korean language while enjoying popular K-dramas, understanding dialogue, and cultural references.",10 weeks,Korean Language Basics;K-drama Dialogue;Cultural References,Beginner
Egyptian Arabic for Travelers,"Prepare for your trip to Egypt with essential Arabic phrases and insights into Egyptian culture and customs.",6 weeks,Travel Arabic Phrases;Cultural Awareness;Egyptian Customs,Beginner
Spanish for Marketing Professionals,"Enhance your Spanish language skills tailored to the marketing industry, including marketing terminology and strategies.",12 weeks,Marketing Spanish Vocabulary;Advertising Techniques;Market Research,Intermediate
Japanese Tea Ceremony,"Experience the Japanese tea ceremony (chanoyu) while learning the Japanese language and tea ceremony etiquette.",8 weeks,Japanese Tea Ceremony Etiquette;Japanese Language Basics;Traditional Tea Preparation,Intermediate
Russian History and Politics,"Explore the history and political landscape of Russia, from the czars to the modern Russian Federation.",10 weeks,Russian History Overview;Political Developments;Cultural Impact,Intermediate
Italian Fashion and Design,"Dive into the world of Italian fashion, from renowned designers to Italian fashion history and trends.",10 weeks,Italian Fashion Designers;Fashion History;Trend Analysis,Intermediate
Mandarin Chinese Business Communication,"Develop advanced Mandarin Chinese language skills for effective business communication and negotiations.",12 weeks,Advanced Chinese Business Vocabulary;Corporate Communication;Negotiation Strategies,Advanced
German Fairy Tales and Language,"Explore classic German fairy tales by the Brothers Grimm while learning the German language and cultural context.",10 weeks,German Language Basics;Fairy Tale Analysis;Cultural Significance,Intermediate
Arabic Music and Instruments,"Discover the world of Arabic music, including traditional instruments and musical genres, while learning the Arabic language.",8 weeks,Arabic Music Traditions;Instrument Introduction;Music Terminology,Intermediate
French Wine Appreciation,"Immerse yourself in the world of French wine, from vineyard visits to wine tasting, and enhance your French language skills.",12 weeks,French Wine Regions;Wine Tasting Techniques;French Wine Vocabulary,Intermediate
Spanish Art History,"Explore the rich history of Spanish art, from the works of Goya and Picasso to contemporary Spanish artists.",10 weeks,Spanish Art Movements;Renowned Spanish Artists;Art Historical Analysis,Intermediate
Chinese Martial Arts Philosophy,"Delve into the philosophy behind Chinese martial arts, studying ancient texts and martial principles.",10 weeks,Chinese Martial Arts Philosophy;Ancient Texts;Martial Principles,Intermediate
Japanese Calligraphy and Haiku Poetry,"Master the art of Japanese calligraphy and create your own haiku poems while learning the Japanese language.",12 weeks,Japanese Calligraphy Styles;Haiku Writing;Cultural Expression,Intermediate
Arabic Culinary Delights,"Explore the delicious world of Arabic cuisine, from traditional dishes to culinary techniques, while learning the Arabic language.",8 weeks,Arabic Cooking Techniques;Traditional Dishes;Culinary Vocabulary,Intermediate
Portuguese Fado Music and Language,"Immerse yourself in the emotional world of Portuguese fado music and improve your Portuguese language skills.",10 weeks,Portuguese Fado Traditions;Fado Singing;Portuguese Language Enhancement,Intermediate
Korean Taekwondo,"Learn the Korean martial art of Taekwondo, including forms, sparring, and the philosophy behind this discipline.",12 weeks,Korean Taekwondo Forms;Sparring Techniques;Taekwondo Philosophy,Intermediate
German Environmental Sustainability,"Explore Germany's commitment to environmental sustainability, from green technologies to eco-friendly practices.",10 weeks,German Environmental Initiatives;Eco-Friendly Technologies;Sustainability Vocabulary,Intermediate
Chinese Opera and Language,"Discover the world of Chinese opera, its regional variations, and the Mandarin language used in performances.",8 weeks,Chinese Opera Styles;Mandarin Language for Opera;Cultural Insights,Intermediate
Spanish Flamenco Dance,"Learn the passionate art of Spanish flamenco dance, from basic steps to complex choreography, and enhance your Spanish language skills.",12 weeks,Flamenco Dance Techniques;Choreography;Spanish Language Enhancement,Intermediate
Brazilian Jiu-Jitsu and Portuguese,"Master Brazilian Jiu-Jitsu techniques while learning Brazilian Portuguese language used in martial arts.",10 weeks,Brazilian Jiu-Jitsu Techniques;Portuguese for Martial Arts;Brazilian Culture,Intermediate
Korean Street Food and Language,"Explore the vibrant world of Korean street food while learning the Korean language and street food culture.",8 weeks,Korean Street Food Delicacies;Language for Foodies;Street Food Culture,Intermediate
Arabic Islamic Art and Architecture,"Dive into the world of Islamic art and architecture, with a focus on Arabic contributions to the field.",12 weeks,Arabic Art and Architecture;Islamic Art Principles;Historical Context,Intermediate
French Theater and Drama,"Explore French theater history, analyze famous plays, and enhance your French language skills for the stage.",10 weeks,French Theater History;Play Analysis;Theater Vocabulary,Intermediate
Chinese Herbal Medicine and Language,"Discover the principles of traditional Chinese herbal medicine while learning Mandarin Chinese language for herbalists.",12 weeks,Chinese Herbal Medicine Principles;Mandarin for Herbalists;Herbal Terminology,Intermediate
Italian Opera and Language,"Experience the world of Italian opera, its famous arias, and learn the Italian language used in operatic performances.",10 weeks,Italian Opera Masterpieces;Language for Opera Singers;Operatic Terminology,Intermediate
Spanish Wine Tasting,"Delve into the world of Spanish wines, from vineyard tours to wine tasting sessions, while enhancing your Spanish language skills.",12 weeks,Spanish Wine Regions;Wine Tasting Techniques;Spanish Wine Vocabulary,Intermediate
Mandarin Chinese Martial Arts Films,"Explore classic Mandarin Chinese martial arts films while learning the language and cultural references in these movies.",10 weeks,Mandarin Chinese for Film;Martial Arts Film Analysis;Cultural Insights,Intermediate
Russian Ballet and Language,"Experience the elegance of Russian ballet while learning the Russian language used in ballet terminology.",12 weeks,Russian Ballet Techniques;Language for Ballet;Ballet Terminology,Intermediate
Japanese Pottery and Language,"Master the art of Japanese pottery (ceramics) while learning the Japanese language used in pottery workshops.",10 weeks,Japanese Pottery Techniques;Pottery Vocabulary;Cultural Insights,Intermediate
Brazilian Samba Dance and Portuguese,"Learn the energetic art of Brazilian samba dance while enhancing your Portuguese language skills for dance events.",12 weeks,Brazilian Samba Dance Techniques;Portuguese for Dancers;Samba Culture,Intermediate
Korean Kimchi Making and Language,"Discover the secrets of making traditional Korean kimchi while learning the Korean language used in cooking.",10 weeks,Korean Kimchi Recipes;Cooking Vocabulary;Culinary Techniques,Intermediate
Egyptian Hieroglyphics and Archaeology,"Decode the mysteries of Egyptian hieroglyphics and explore ancient Egyptian history and archaeology.",12 weeks,Egyptian Hieroglyphic Symbols;Archaeological Discoveries;Historical Insights,Intermediate
Spanish Guitar and Music Theory,"Master the Spanish guitar and music theory, covering flamenco and classical guitar styles.",10 weeks,Spanish Guitar Techniques;Music Theory;Guitar Composition,Intermediate
Chinese Zen Philosophy and Language,"Delve into Chinese Zen philosophy and meditation practices while learning the Mandarin Chinese language.",12 weeks,Chinese Zen Principles;Meditation Techniques;Language for Philosophers,Intermediate
Russian Literature: Tolstoy and Dostoevsky,"Explore the works of Tolstoy and Dostoevsky in-depth, analyzing their literary contributions.",10 weeks,Analyzing Russian Novels;Tolstoy and Dostoevsky;Literary Critique,Intermediate
Italian Renaissance Art and Language,"Study the masterpieces of Italian Renaissance art while learning the Italian language for art enthusiasts.",12 weeks,Italian Renaissance Artists;Art Historical Analysis;Italian Art Vocabulary,Intermediate
Mandarin Chinese Film Analysis,"Analyze classic Mandarin Chinese films while enhancing your language skills and understanding cinematic techniques.",10 weeks,Chinese Film Analysis;Mandarin for Film Critics;Cinematic Terminology,Intermediate
Arabic Oud Music and Language,"Master the traditional Arabic musical instrument, the oud, while learning the Arabic language for musicians.",12 weeks,Arabic Oud Techniques;Music Notation;Oud Terminology,Intermediate
French Wine and Cheese Pairing,"Explore the art of pairing French wines and cheeses, enhancing your French language skills for wine enthusiasts.",10 weeks,French Wine and Cheese Pairing;Wine Tasting Techniques;Wine Vocabulary,Intermediate
Spanish Flamenco Singing,"Learn the passionate art of Spanish flamenco singing (cante), including traditional forms and vocal techniques.",12 weeks,Flamenco Singing Styles;Vocal Techniques;Spanish Lyrics Interpretation,Intermediate
Brazilian Capoeira and Portuguese,"Master the Brazilian martial art of capoeira while improving your Portuguese language skills for capoeira events.",10 weeks,Brazilian Capoeira Techniques;Portuguese for Capoeiristas;Capoeira Culture,Intermediate
Korean Hanbok Sewing and Language,"Create traditional Korean hanbok garments while learning the Korean language used in sewing and fashion.",12 weeks,Korean Hanbok Sewing;Sewing Vocabulary;Cultural Insights,Intermediate
Egyptian Mummies and Funerary Practices,"Explore the fascinating world of Egyptian mummies and the funerary rituals of ancient Egypt.",10 weeks,Egyptian Mummy Preparation;Funerary Traditions;Historical Context,Intermediate
Spanish Wine and Tapas Pairing,"Discover the art of pairing Spanish wines with tapas, enhancing your Spanish language skills for culinary enthusiasts.",12 weeks,Spanish Wine and Tapas Pairing;Wine Tasting Techniques;Spanish Culinary Vocabulary,Intermediate
Mandarin Chinese Calligraphy and Poetry,"Master Chinese calligraphy and create your own Chinese poetry while learning the Mandarin language.",10 weeks,Chinese Calligraphy Styles;Poetry Writing;Cultural Expression,Intermediate
Russian Folk Music and Language,"Explore the rich world of Russian folk music and enhance your Russian language skills for music enthusiasts.",12 weeks,Russian Folk Music Traditions;Musical Notation;Russian Music Vocabulary,Intermediate
Italian Culinary Artistry,"Master the art of Italian cuisine, from creating intricate dishes to plating and presentation.",10 weeks,Italian Culinary Techniques;Plating and Presentation;Italian Gastronomy,Intermediate
Arabic Cinema and Language,"Analyze contemporary Arabic films while enhancing your language skills and understanding cinematic storytelling.",12 weeks,Arabic Film Analysis;Language for Film Critics;Cinematic Terminology,Intermediate
French Poetry and Language,"Study famous French poets and their works while improving your French language skills for literary analysis.",10 weeks,French Poetry Analysis;Poetic Forms;French Literary Vocabulary,Intermediate
Chinese Traditional Medicine and Language,"Learn about traditional Chinese medicine (TCM) and the Mandarin Chinese language used in the field.",12 weeks,Chinese Medicine Principles;Mandarin for Healthcare;TCM Terminology,Intermediate
Spanish Dance: Sevillanas,"Master the Sevillanas dance, a traditional Spanish dance style, and enhance your Spanish language skills for dance events.",10 weeks,Sevillanas Dance Techniques;Dance Vocabulary;Spanish Dance Culture,Intermediate
Brazilian Carnaval Samba and Portuguese,"Learn the lively moves of Brazilian Carnaval samba while enhancing your Portuguese language skills for Carnaval celebrations.",12 weeks,Brazilian Carnaval Samba;Portuguese for Samba Dancers;Carnaval Culture,Intermediate
Korean Traditional Hanji Art and Language,"Create traditional Korean hanji paper art while learning the Korean language used in crafting.",10 weeks,Korean Hanji Art Techniques;Crafting Vocabulary;Cultural Insights,Intermediate
Egyptian Mythology and Language,"Dive into the world of Egyptian mythology and explore the ancient Egyptian language.",12 weeks,Egyptian Mythological Tales;Ancient Egyptian Language;Mythological Interpretation,Intermediate
Spanish Art: Goya and Picasso,"Study the works of Goya and Picasso, two iconic Spanish artists, and enhance your Spanish language skills for art enthusiasts.",10 weeks,Analyzing Spanish Art;Goya and Picasso;Art Historical Vocabulary,Intermediate
Chinese Martial Arts Weaponry,"Learn traditional Chinese martial arts weaponry techniques and the Mandarin Chinese terminology for martial arts.",12 weeks,Chinese Martial Arts Weapons;Mandarin for Martial Artists;Weaponry Vocabulary,Intermediate
Russian Language and Literature: Pushkin and Chekhov,"Explore the literary works of Pushkin and Chekhov in-depth, analyzing their contributions to Russian literature.",10 weeks,Pushkin and Chekhov's Works;Russian Literary Analysis;Literary Critique,Intermediate
Italian Opera and Vocal Performance,"Experience Italian opera from a singer's perspective, learning the arias and vocal techniques in Italian language.",12 weeks,Italian Opera Arias;Italian Language for Singers;Operatic Interpretation,Intermediate
Spanish Cuisine: Paella Mastery,"Master the art of making traditional Spanish paella dishes and enhance your Spanish language skills for culinary enthusiasts.",10 weeks,Spanish Paella Cooking;Culinary Vocabulary;Spanish Gastronomy,Intermediate
Brazilian Jiu-Jitsu and Portuguese,"Learn the Brazilian martial art of Brazilian Jiu-Jitsu (BJJ) while enhancing your Portuguese language skills for BJJ events.",12 weeks,Brazilian Jiu-Jitsu Techniques;Portuguese for BJJ Practitioners;BJJ Culture,Intermediate
Korean Royal Court Cuisine and Language,"Learn the secrets of Korean royal court cuisine while enhancing your Korean language skills for cooking.",12 weeks,Korean Royal Court Recipes;Culinary Vocabulary;Cultural Insights,Intermediate
Egyptian Hieroglyphics: Advanced Decoding,"Take your Egyptian hieroglyphics skills to the next level by decoding complex hieroglyphic texts.",10 weeks,Advanced Hieroglyphic Decoding;Hieroglyphic Text Analysis;Historical Interpretation,Advanced
Spanish Guitar: Flamenco Mastery,"Master the art of playing Spanish flamenco guitar at an advanced level and enhance your Spanish language skills for musicians.",12 weeks,Advanced Flamenco Guitar Techniques;Musical Composition;Spanish Guitar Vocabulary,Advanced
Chinese Taoism Philosophy and Language,"Deepen your understanding of Chinese Taoism philosophy while advancing your Mandarin Chinese language skills for philosophical discussions.",10 weeks,Advanced Taoism Principles;Philosophical Discussions;Language for Philosophers,Advanced
Russian Literature: Dostoevsky's Masterpieces,"Delve into the masterpieces of Dostoevsky, analyzing his most renowned works in detail.",12 weeks,Analyzing Dostoevsky's Novels;Dostoevsky's Literary Impact;Literary Critique,Advanced
Italian Renaissance Art: Masters and Masterpieces,"Explore the works of Italian Renaissance masters and their contributions to art history.",10 weeks,Advanced Art Historical Analysis;Renaissance Masters;Italian Art Vocabulary,Advanced
Mandarin Chinese Film Production,"Get hands-on experience in producing Mandarin Chinese films while enhancing your language skills and understanding cinematic production techniques.",12 weeks,Mandarin Chinese Film Production;Cinematic Production Techniques;Language for Filmmakers,Advanced
Arabic Music Composition and Language,"Create your own Arabic music compositions while advancing your Arabic language skills for music enthusiasts.",10 weeks,Arabic Music Composition Techniques;Music Theory;Arabic Music Vocabulary,Advanced
French Wine Sommelier Certification,"Become a certified French wine sommelier, gaining expertise in wine tasting, pairing, and enhancing your French language skills for sommeliers.",12 weeks,French Wine Certification;Wine Tasting Expertise;Sommelier Terminology,Advanced
Spanish Dance: Flamenco Choreography,"Choreograph your own flamenco dance routines at an advanced level, refining your Spanish language skills for dance performances.",10 weeks,Advanced Flamenco Choreography;Dance Performance Skills;Spanish Dance Culture,Advanced
Brazilian Carnival Samba: Performance,"Perfect your Brazilian Carnival samba performance skills and enhance your Portuguese language skills for Carnaval celebrations.",12 weeks,Advanced Samba Performance;Portuguese for Samba Dancers;Carnaval Culture,Advanced
Korean Traditional Hanbok Design and Language,"Design intricate Korean hanbok garments at an advanced level while mastering the Korean language used in fashion.",10 weeks,Advanced Hanbok Design;Fashion Vocabulary;Cultural Insights,Advanced
Egyptian Hieroglyphics: Epigraphy,"Become an expert in Egyptian hieroglyphic epigraphy, deciphering inscriptions and texts with historical significance.",12 weeks,Advanced Hieroglyphic Epigraphy;Historical Inscriptions;Archaeological Interpretation,Advanced
Spanish Poetry: Lorca and Neruda,"Study the poetic works of Lorca and Neruda in-depth, analyzing their contributions to Spanish poetry.",10 weeks,Analyzing Lorca and Neruda;Spanish Poetic Analysis;Literary Critique,Advanced
Chinese Martial Arts: Advanced Weaponry,"Advance your skills in traditional Chinese martial arts weaponry techniques and expand your Mandarin Chinese terminology for martial arts.",12 weeks,Advanced Martial Arts Weapons;Mandarin for Martial Artists;Weaponry Mastery,Advanced
Russian Language and Literature: Pushkin and Chekhov,"Explore the literary works of Pushkin and Chekhov in-depth, analyzing their contributions to Russian language and literature.",10 weeks,Analyzing Pushkin and Chekhov;Russian Literary Analysis;Literary Critique,Advanced
Italian Opera: Advanced Performance,"Master challenging Italian opera arias and perform them at an advanced level, enhancing your Italian language skills for operatic performances.",12 weeks,Advanced Opera Performance;Italian Language for Opera Singers;Operatic Interpretation,Advanced
Spanish Cuisine: Gourmet Chef Training,"Become a gourmet chef in Spanish cuisine, creating intricate dishes and mastering culinary arts at an advanced level.",10 weeks,Advanced Culinary Techniques;Gourmet Cooking Skills;Spanish Gastronomy,Advanced
Arabic Cinema: Filmmaker's Masterclass,"Advance your skills in Arabic filmmaking and gain expertise in directing, producing, and screenwriting while enhancing your language skills.",12 weeks,Advanced Filmmaking Techniques;Arabic Film Production;Language for Filmmakers,Advanced